app_id,name,release_date,developer,publisher,price,metacritic_score
570,Dota 2,"9 Jul, 2013",Valve,Valve,Free,90
578080,PUBG: BATTLEGROUNDS,21 –¥–µ–∫. 2017 –≥.,"KRAFTON, Inc.","KRAFTON, Inc.",Free,N/A
730,Counter-Strike 2,21 –∞–≤–≥. 2012 –≥.,Valve,Valve,Free,N/A
1063730,New World,"28 Sep, 2021",Amazon Games,Amazon Games,Free,70
1623730,Palworld,"18 Jan, 2024",Pocketpair,Pocketpair,3400.0,N/A
1172470,Apex Legends‚Ñ¢,4 –Ω–æ—è. 2020 –≥.,Respawn,Electronic Arts,Free,88
440,Team Fortress 2,"10 Oct, 2007",Valve,Valve,Free,92
271590,Grand Theft Auto V,"13 Apr, 2015",Rockstar North,Rockstar Games,Free,96
550,Left 4 Dead 2,"16 Nov, 2009",Valve,Valve,385.0,89
252490,Rust,8 —Ñ–µ–≤. 2018 –≥.,Facepunch Studios,Facepunch Studios,1100.0,69
230410,Warframe,"25 Mar, 2013",Digital Extremes,Digital Extremes,Free,69
236390,War Thunder,"15 Aug, 2013",Gaijin Entertainment,Gaijin Network Ltd,Free,81
105600,Terraria,"16 May, 2011",Re-Logic,Re-Logic,385.0,83
1245620,ELDEN RING,"24 Feb, 2022",FromSoftware Inc.,"FromSoftware Inc., Bandai Namco Entertainment",3599.0,94
291550,Brawlhalla,17 OCT 2017,Blue Mammoth Games,Ubisoft,Free,N/A
1086940,Baldur's Gate 3,"3 Aug, 2023",Larian Studios,Larian Studios,1699.0,96
4000,Garry's Mod,"Nov 29, 2006",Facepunch Studios,Valve,9.99,N/A
1085660,Destiny 2,"1 Oct, 2019",Bungie,Bungie ,Free,83
431960,Wallpaper Engine,Nov 2018,Wallpaper Engine Team,Wallpaper Engine Team,249.0,N/A
340,Half-Life 2: Lost Coast,"27 Oct, 2005",Valve,Valve,Free,N/A
346110,ARK: Survival Evolved,"27 Aug, 2017","Studio Wildcard, Instinct Games, Efecto Studios, Virtual Basement LLC","Studio Wildcard, Snail Games USA",550.0,70
945360,Among Us,"16 Nov, 2018",Innersloth,Innersloth,6.49,85
218620,PAYDAY 2,"13 Aug, 2013",OVERKILL - a Starbreeze Studio.,Starbreeze Publishing AB,385.0,79
1091500,Cyberpunk 2077,"9 Dec, 2020",CD PROJEKT RED,CD PROJEKT RED,39.99,86
901583,Grand Theft Auto IV: Complete Edition,,"Rockstar North, Rockstar Toronto",Rockstar Games,Free,90
892970,Valheim,"2 Feb, 2021",Iron Gate AB,Coffee Stain Publishing,217.0,N/A
238960,Path of Exile,"23 Oct, 2013",Grinding Gear Games,Grinding Gear Games,Free,86
242760,The Forest,"30 Apr, 2018",Endnight Games Ltd,Endnight Games Ltd,435.0,83
322330,Don't Starve Together,"21 Apr, 2016",Klei Entertainment,Klei Entertainment,349.0,83
304930,Unturned,"7 Jul, 2017",Smartly Dressed Games,Smartly Dressed Games,Free,N/A
413150,Stardew Valley,"26 Feb, 2016",ConcernedApe,ConcernedApe,16.99,89
899770,Last Epoch,"21 Feb, 2024",Eleventh Hour Games,Eleventh Hour Games,1475.0,80
1097150,Fall Guys,"3 Aug, 2020",Mediatonic,,Free,80
291480,Warface: Clutch,1 –∏—é–ª. 2014 –≥.,MY.GAMES,MY.GAMES,Free,N/A
444090,Paladins¬Æ,"8 May, 2018",Evil Mojo Games,Hi-Rez Studios,Free,83
438100,VRChat,"Feb 1, 2017",VRChat Inc.,VRChat Inc.,Free,N/A
10,Counter-Strike,"1 Nov, 2000",Valve,Valve,259.0,88
1203220,NARAKA: BLADEPOINT,"11 Aug, 2021",24 Entertainment,NetEase Games Global,Free,N/A
227300,Euro Truck Simulator 2,"12 Oct, 2012",SCS Software,SCS Software,312.0,79
272060,Serena,"30 Jan, 2014",Senscape,Senscape,Free,N/A
227940,Heroes & Generals,"18 Oct, 2016",TLM Partners,TLM Partners,Free,N/A
620,Portal 2,"18 Apr, 2011",Valve,Valve,385.0,95
739630,Phasmophobia,"18 Sep, 2020",Kinetic Games,Kinetic Games,15.49,N/A
1240440,Halo Infinite,"15 Nov, 2021",343 Industries,Xbox Game Studios,Free,N/A
252950,Rocket League¬Æ,"6 Jul, 2015",Psyonix LLC,Psyonix LLC,Free,86
1966720,Lethal Company,"23 Oct, 2023",Zeekerss,Zeekerss,385.0,N/A
240,Counter-Strike: Source,"Nov 1, 2004",Valve,Valve,9.99,88
1517290,Battlefield‚Ñ¢ 2042,"19 Nov, 2021",DICE,Electronic Arts,2999.0,N/A
1468810,È¨ºË∞∑ÂÖ´Ëçí Tale of Immortal,"26 May, 2023",È¨ºË∞∑Â∑•‰ΩúÂÆ§,"È¨ºË∞∑Â∑•‰ΩúÂÆ§, Lightning Games",785.0,N/A
320,Half-Life 2: Deathmatch,"Nov 1, 2004",Valve,Valve,4.99,N/A
70,Half-Life,"8 Nov, 1998",Valve,Valve,259.0,96
755790,Ring of Elysium,"24 Jun, 2019",Aurora Studio,TCH Scarlet Limited,Free,N/A
648800,Raft,"20 Jun, 2022",Redbeet Interactive,Axolot Games,419.0,N/A
251570,7 Days to Die,"13 Dec, 2013",The Fun Pimps,The Fun Pimps Entertainment LLC,449.0,N/A
550650,Black Squad,"26 Jun, 2019","VALOFE, NS STUDIO",VALOFE,Free,N/A
386360,SMITE¬Æ,"8 Sep, 2015",Titan Forge Games,Hi-Rez Studios,Free,83
108600,Project Zomboid,"8 Nov, 2013",The Indie Stone,The Indie Stone,710.0,N/A
301520,Robocraft,"24 Aug, 2017",Freejam,Freejam,Free,N/A
100,Counter-Strike: Condition Zero,"1 Mar, 2004",Valve,Valve,259.0,65
477160,Human Fall Flat,"22 Jul, 2016",No Brakes Games,Curve Games,665.0,70
400,Portal,"10 Oct, 2007",Valve,Valve,385.0,90
367520,Hollow Knight,"24 Feb, 2017",Team Cherry,Team Cherry,550.0,87
433850,Z1 Battle Royale,"28 Feb, 2018",Daybreak Game Company,Daybreak Game Company,Free,70
250900,The Binding of Isaac: Rebirth,"4 Nov, 2014","Nicalis, Inc., Edmund McMillen","Nicalis, Inc.",449.0,N/A
814380,Sekiro‚Ñ¢: Shadows Die Twice - GOTY Edition,"21 Mar, 2019",FromSoftware,"Activision (Excluding Japan and Asia), FromSoftware (Japan), ÊñπÂùóÊ∏∏Êàè (Asia)",79.99,88
377160,Fallout 4,9 NOV 2015,Bethesda Game Studios,Bethesda Softworks,359.0,84
261550,Mount & Blade II: Bannerlord,"25 Oct, 2022",TaleWorlds Entertainment,TaleWorlds Entertainment,2799.0,77
1811260,EA SPORTS‚Ñ¢ FIFA 23,"30 Sep, 2022",EA Canada & EA Romania,Electronic Arts,Free,N/A
22380,Fallout: New Vegas,"Oct 19, 2010",Obsidian Entertainment,Bethesda Softworks,9.99,84
221100,DayZ,"13 Dec, 2018",Bohemia Interactive,Bohemia Interactive,2390.0,N/A
218230,PlanetSide 2,"20 Nov, 2012",Rogue Planet Games,Daybreak Game Company,Free,84
255710,Cities: Skylines,"10 Mar, 2015",Colossal Order Ltd.,Paradox Interactive,479.0,85
60,Ricochet,"1 Nov, 2000",Valve,Valve,200.0,N/A
632360,Risk of Rain 2,"Aug 11, 2020",Hopoo Games,Gearbox Publishing,24.99,85
96000,The Tiny Bang Story,"22 Apr, 2011",Colibri Games,Colibri Games,40.0,63
107410,Arma 3,"12 Sep, 2013",Bohemia Interactive,Bohemia Interactive,1890.0,74
1089350,NBA 2K20,"6 Sep, 2019",Visual Concepts,2K,Free,74
204360,Castle Crashers¬Æ,"26 Sep, 2012",The Behemoth,The Behemoth,449.0,N/A
49520,Borderlands 2,20 —Å–µ–Ω. 2012 –≥.,"Gearbox Software, Aspyr (Mac), Aspyr (Linux)","2K, Aspyr (Mac), Aspyr (Linux)",389.0,89
1046930,Dota Underlords,"20 Jun, 2019",Valve,Valve,Free,N/A
80,Counter-Strike: Condition Zero,"1 Mar, 2004",Valve,Valve,259.0,65
489520,Minion Masters,"24 May, 2019",BetaDwarf,BetaDwarf,Free,N/A
1326470,Sons Of The Forest,"22 Feb, 2024",Endnight Games Ltd,Newnight ,1100.0,N/A
224260,No More Room in Hell,"31 Oct, 2013",No More Room in Hell Team,Lever Games,Free,N/A
374320,DARK SOULS‚Ñ¢ III,"11 Apr, 2016","FromSoftware, Inc.","FromSoftware, Inc., Bandai Namco Entertainment",2399.0,89
394360,Hearts of Iron IV,"6 Jun, 2016",Paradox Development Studio,Paradox Interactive,830.0,83
1238810,Battlefield‚Ñ¢ V,"11 Jun, 2020",DICE,Electronic Arts,Free,N/A
370910,Kathy Rain,"5 May, 2016",Clifftop Games,Raw Fury,385.0,77
322170,Geometry Dash,"22 Dec, 2014",RobTop Games,RobTop Games,200.0,N/A
275850,No Man's Sky,"12 Aug, 2016",Hello Games,Hello Games,1900.0,61
275390,Guacamelee! Super Turbo Championship Edition,"21 Aug, 2014",DrinkBox Studios,DrinkBox Studios,137.0,80
278360,A Story About My Uncle,"28 May, 2014",Gone North Games,Coffee Stain Publishing,2.95,73
220,Half-Life 2,"16 Nov, 2004",Valve,Valve,385.0,96
594650,Hunt: Showdown,"27 Aug, 2019",Crytek,Crytek,1349.0,81
40,Deathmatch Classic,"1 Jun, 2001",Valve,Valve,4.99,N/A
333930,Dirty Bomb¬Æ,Jun 2015,Splash Damage,Warchest Ltd.,Free,63
427520,Factorio,"14 Aug, 2020",Wube Software LTD.,Wube Software LTD.,1200.0,90
417910,Street Warriors Online,"16 Dec, 2016",Crazy Rocks Studios,Crazy Rocks Studios,35.0,N/A
219990,Grim Dawn,"25 Feb, 2016",Crate Entertainment,Crate Entertainment,880.0,83
588430,Fallout Shelter,"29 Mar, 2017",Bethesda Game Studios,Bethesda Softworks,Free,63
203160,Tomb Raider,,"Crystal Dynamics, Eidos-Montr√©al, Feral Interactive (Mac), Nixxes","Crystal Dynamics, Feral Interactive (Mac)",Free,86
582660,Black Desert,"25 Jul, 2019",Pearl Abyss,Pearl Abyss,350.0,80
1604030,V Rising,"8 May, 2024",Stunlock Studios,Stunlock Studios,1080.0,N/A
264710,Subnautica,"23 Jan, 2018",Unknown Worlds Entertainment,Unknown Worlds Entertainment,1100.0,87
1145360,Hades,"17 Sep, 2020",Supergiant Games,Supergiant Games,880.0,93
700330,SCP: Secret Laboratory,"29 Dec, 2017",Northwood Studios,Northwood Studios,Free,N/A
219640,Chivalry: Medieval Warfare,"16 Oct, 2012",Torn Banner Studios,Torn Banner Studios,449.0,79
844870,KurtzPel,"30 Apr, 2019",KOG,KOG,Free,N/A
236850,Europa Universalis IV,"13 Aug, 2013","Paradox Development Studio, Paradox Tinto",Paradox Interactive,659.0,87
363970,Clicker Heroes,"13 May, 2015",Playsaurus,Playsaurus,Free,N/A
284160,BeamNG.drive,"29 May, 2015",BeamNG,BeamNG,880.0,N/A
439700,Z1 Battle Royale: Test Server,"24 Feb, 2016",Daybreak Game Company,Daybreak Game Company,Free,N/A
225840,Sven Co-op,"22 Jan, 2016",Sven Co-op team,Sven Co-op team,Free,N/A
253710,theHunter Classic,"3 Jun, 2014","Expansive Worlds, Avalanche Studios","Expansive Worlds, Avalanche Studios",Free,N/A
30,Day of Defeat,"1 May, 2003",Valve,Valve,200.0,79
1794680,Vampire Survivors,"20 Oct, 2022",poncle,poncle,5.99,86
813820,Realm Royale Reforged,"5 Jun, 2018",Heroic Leap Games,Hi-Rez Studios,Free,N/A
365670,Blender,"24 Apr, 2015",Blender Foundation,Blender Foundation,Free,N/A
420,Half-Life 2: Episode Two,"10 Oct, 2007",Valve,Valve,320.0,90
238460,BattleBlock Theater¬Æ,"15 May, 2014",The Behemoth,The Behemoth,449.0,85
231430,Company of Heroes 2,"25 Jun, 2013","Relic Entertainment, Feral Interactive (Mac), Feral Interactive (Linux)","SEGA, Feral Interactive (Mac), Feral Interactive (Linux)",Free,80
360,Half-Life Deathmatch: Source,"1 May, 2006",Valve,Valve,385.0,N/A
526870,Satisfactory,"8 Jun, 2020",Coffee Stain Studios,Coffee Stain Publishing,1100.0,N/A
109600,Neverwinter,"5 Dec, 2013",Cryptic Studios,Arc Games,Free,74
1286830,STAR WARS‚Ñ¢: The Old Republic‚Ñ¢,"21 Jul, 2020",Broadsword,Electronic Arts,Free,85
646570,Slay the Spire,"23 Jan, 2019",Mega Crit,Mega Crit,10.87,89
500,Left 4 Dead,"17 Nov, 2008",Valve,Valve,385.0,89
629760,MORDHAU,"29 Apr, 2019",Triternion,Triternion,1100.0,81
677620,Splitgate,"24 May, 2019",1047 Games,1047 Games,Free,N/A
588650,Dead Cells,"6 Aug, 2018",Motion Twin,Motion Twin,29.99,89
346900,AdVenture Capitalist,"30 Mar, 2015",Hyper Hippo Games,Hyper Hippo Games,Free,N/A
435150,Divinity: Original Sin 2 - Definitive Edition,"14 Sep, 2017",Larian Studios,Larian Studios,54.99,93
863550,HITMAN‚Ñ¢ 2,"13 Nov, 2018",IO Interactive A/S,IO Interactive A/S,Free,82
1100600,Football Manager 2020,"19 Nov, 2019",Sports Interactive,SEGA,Free,84
211500,RaceRoom Racing Experience,"12 Feb, 2013",KW Studios,"KW Studios, RaceRoom Entertainment AG",Free,N/A
555570,Infestation: The New Z,"22 Nov, 2016",Fredaikis AB,OP Productions LLC,Free,N/A
223710,Cry of Fear,"25 Apr, 2013",Team Psykskallar,Team Psykskallar,Free,N/A
10190,Call of Duty¬Æ: Modern Warfare¬Æ 2 - Multiplayer,,Infinity Ward,Activision,Free,N/A
273110,Counter-Strike Nexon: Studio,"7 Oct, 2014","Valve, NEXON",NEXON,Free,N/A
1818750,MultiVersus,"19 Jul, 2022",Player First Games,Warner Bros. Games,Free,78
397900,Business Tour - Board Game with Online Multiplayer,"27 Jul, 2017",8Floor,8Floor,Free,N/A
698780,Doki Doki Literature Club!,"6 Oct, 2017",Team Salvato,Team Salvato,Free,N/A
868270,The Cycle: Frontier,"8 Jun, 2022",YAGER,YAGER,Free,N/A
268910,Cuphead,29 —Å–µ–Ω. 2017 –≥.,Studio MDHR Entertainment Inc.,Studio MDHR Entertainment Inc.,419.0,88
1118200,People Playground,"23 Jul, 2019",mestiez,Studio Minus,259.0,N/A
232770,POSTAL,"14 Nov, 1997",Running With Scissors,Running With Scissors,Free,56
300,Day of Defeat: Source,"12 Jul, 2010",Valve,Valve,385.0,80
2881650,Content Warning,"1 Apr, 2024","Skog, Zorro, Wilnyl, Philip, thePetHen",Landfall Publishing,256.0,N/A
208090,Loadout,"31 Jan, 2014",Edge of Reality,Edge of Reality,Free,72
424840,Little Nightmares,"27 Apr, 2017",Tarsier Studios,BANDAI NAMCO Entertainment,849.0,81
15700,Oddworld: Abe's Oddysee¬Æ,"28 Aug, 2008",Oddworld Inhabitants,Oddworld Inhabitants,79.0,N/A
513710,SCUM,"29 Aug, 2018",Gamepires,Jagex Ltd,2335.0,N/A
1049590,Eternal Return,"19 Jul, 2023",Nimble Neuron,"Kakao Games Europe B.V. (EU,NA,OCE), Nimble Neuron (Excluding EU,NA,OCE)",Free,N/A
339610,Freestyle 2: Street Basketball,"1 Apr, 2015",JOYCITY,JOYCITY,Free,N/A
113400,APB Reloaded,"6 Dec, 2011",Reloaded Productions,Little Orbit,Free,N/A
285800,Braveland,"17 Mar, 2014",Tortuga Team,Tortuga Team,349.0,N/A
1332010,Stray,"19 Jul, 2022",BlueTwelve Studio,Annapurna Interactive,39.99,82
48700,Mount & Blade: Warband,"31 Mar, 2010",TaleWorlds Entertainment,TaleWorlds Entertainment,1099.0,78
440900,Conan Exiles,"8 May, 2018",Funcom,Funcom,2100.0,N/A
391540,Undertale,"15 Sep, 2015",tobyfox,tobyfox,249.0,92
294100,RimWorld,17 –æ–∫—Ç. 2018 –≥.,Ludeon Studios,Ludeon Studios,1099.0,87
130,Half-Life: Blue Shift,"1 Jun, 2001",Gearbox Software,Valve,200.0,71
1551360,Forza Horizon 5,"8 Nov, 2021",Playground Games,Xbox Game Studios,59900.0,N/A
1229490,ULTRAKILL,"3 Sep, 2020","Arsi ""Hakita"" Patala",New Blood Interactive,880.0,N/A
211820,Starbound,"22 Jul, 2016",Chucklefish,Chucklefish,550.0,81
552500,Warhammer: Vermintide 2,"8 Mar, 2018",Fatshark,Fatshark,1499.0,82
548430,Deep Rock Galactic,"13 May, 2020",Ghost Ship Games,Coffee Stain Publishing,799.0,85
238320,Outlast,"4 Sep, 2013",Red Barrels,Red Barrels,710.0,80
766570,Russian Fishing 4,"10 Nov, 2021",FishSoft LLC,FishSoft LLC,Free,N/A
1250,Killing Floor,"14 May, 2009",Tripwire Interactive,Tripwire Interactive,39.0,72
466560,Northgard,"7 Mar, 2018",Shiro Games,Shiro Unlimited,1100.0,81
223750,DCS World Steam Edition,"2 Aug, 2013",Eagle Dynamics SA,Eagle Dynamics SA,Free,N/A
262060,Darkest Dungeon¬Æ,"19 Jan, 2016",Red Hook Studios,Red Hook Studios,32.5,84
42910,Magicka,"25 Jan, 2011",Arrowhead Game Studios,Paradox Interactive,139.0,74
200210,Realm of the Mad God Exalt,"20 Feb, 2012","Wild Shadow Studios, Deca Games",Deca Games,Free,82
1238840,Battlefield‚Ñ¢ 1,"11 Jun, 2020",DICE,Electronic Arts,39.99,N/A
57300,Amnesia: The Dark Descent,"8 Sep, 2010",Frictional Games,Frictional Games,710.0,85
222880,Insurgency,"22 Jan, 2014",New World Interactive,New World Interactive,360.0,74
355840,Survarium,"2 Apr, 2015",Vostok Games,Vostok Games,Free,N/A
504370,Battlerite,"8 Nov, 2017",Stunlock Studios,Stunlock Studios,Free,85
286160,Tabletop Simulator,"5 Jun, 2015",Berserk Games,Berserk Games,21.99,N/A
761890,Albion Online,"16 May, 2018",Sandbox Interactive GmbH,Sandbox Interactive GmbH,Free,N/A
508440,Totally Accurate Battle Simulator,"1 Apr, 2021",Landfall,Landfall,799.0,N/A
281990,Stellaris,"May 9, 2016",Paradox Development Studio,Paradox Interactive,39.99,78
1225330,NBA 2K21,"4 Sep, 2020",Visual Concepts,2K,Free,N/A
1293830,Forza Horizon 4,"9 Mar, 2021",Playground Games,Xbox Game Studios,79.99,N/A
812140,Assassin's Creed¬Æ Odyssey,"5 Oct, 2018","Ubisoft Quebec, Ubisoft Montreal, Ubisoft Bucharest, Ubisoft Singapore, Ubisoft Montpellier, Ubisoft Kiev, Ubisoft Shanghai",Ubisoft,41.25,N/A
960090,Bloons TD 6,"17 Dec, 2018",Ninja Kiwi,Ninja Kiwi,108.0,N/A
240720,Getting Over It with Bennett Foddy,"6 Dec, 2017",Bennett Foddy,Bennett Foddy,195.0,N/A
594570,Total War: WARHAMMER II,"Sep 28, 2017","CREATIVE ASSEMBLY, Feral Interactive (Mac), Feral Interactive (Linux)","SEGA, Feral Interactive (Mac), Feral Interactive (Linux)",59.99,87
744900,Dead Frontier 2,"15 Jul, 2019",Creaky Corpse Ltd,Creaky Corpse Ltd,Free,N/A
395170,DISTRAINT: Deluxe Edition,"21 Oct, 2015",Jesse Makkonen,Jesse Makkonen,200.0,76
386180,Crossout,"26 Jul, 2017",Targem Games,Gaijin Network Ltd,Free,N/A
33930,Arma 2: Operation Arrowhead,"29 Jun, 2010",Bohemia Interactive,Bohemia Interactive,990.0,73
244850,Space Engineers,"28 Feb, 2019",Keen Software House,Keen Software House,835.0,N/A
1366540,Dyson Sphere Program,"20 Jan, 2021",Youthcat Studio,Gamera Games,686.0,N/A
24240,PAYDAY‚Ñ¢ The Heist,"20 Oct, 2011",OVERKILL Software,Daybreak Game Company,550.0,76
871720,Ultimate Custom Night,"27 Jun, 2018",Scott Cawthon,Scott Cawthon,Free,N/A
466240,Deceit,"3 Mar, 2017",World Makers,World Makers,Free,N/A
1506830,FIFA 22,"1 Oct, 2021",EA Canada & EA Romania,Electronic Arts,Free,N/A
212500,The Lord of the Rings Online‚Ñ¢,"6 Jun, 2012","Standing Stone Games, LLC","Standing Stone Games, LLC",Free,N/A
620980,Beat Saber,"21 May, 2019",Beat Games,Beat Games,1100.0,93
311690,Enter the Gungeon,"5 Apr, 2016",Dodge Roll,Devolver Digital,5.84,84
674940,Stick Fight: The Game,"28 Sep, 2017",Landfall West,Landfall,79.0,N/A
234140,Mad Max,"1 Oct, 2015",Avalanche Studios,"Warner Bros. Games, Warner Bros. Interactive Entertainment",Free,73
671860,BattleBit Remastered,"15 Jun, 2023","SgtOkiDoki, Vilaskis, TheLiquidHorse",SgtOkiDoki,690.0,N/A
232090,Killing Floor 2,18 –Ω–æ—è. 2016 –≥.,Tripwire Interactive,Tripwire Interactive,195.0,75
7670,BioShock‚Ñ¢,"21 Aug, 2007","2K Boston, 2K Australia",2K,Free,96
1721470,Poppy Playtime,"12 Oct, 2021",Mob Entertainment,Mob Entertainment,Free,N/A
8500,EVE Online,"15 Dec, 2010",CCP,CCP,Free,88
962130,Grounded,"27 Sep, 2022",Obsidian Entertainment,Xbox Game Studios,189.99,83
601510,Yu-Gi-Oh! Duel Links,"16 Nov, 2017",KONAMI,KONAMI,Free,N/A
42710,Call of Duty¬Æ: Black Ops - Multiplayer,,Treyarch,Activision,Free,N/A
546560,Half-Life: Alyx,"23 Mar, 2020",Valve,Valve,1900.0,93
1817070,Marvel‚Äôs Spider-Man Remastered,"12 Aug, 2022","Insomniac Games, Nixxes Software",PlayStation PC LLC,79.99,N/A
48000,LIMBO,"2 Aug, 2011",Playdead,Playdead,Free,88
12120,Grand Theft Auto: San Andreas,"4 Jan, 2008",Rockstar Games,Rockstar Games,Free,93
200710,Torchlight II,"20 Sep, 2012",Runic Games,Arc Games,83.0,88
201270,Total War: SHOGUN 2,14. b≈ôe. 2011,"CREATIVE ASSEMBLY, Feral Interactive (Mac), Feral Interactive (Linux)","SEGA, Feral Interactive (Mac), Feral Interactive (Linux)",29.99,90
351940,The Descendant,"24 Mar, 2016",Gaming Corps AB,"Microids Indie, Microids",349.0,59
302830,BLOCKADE 3D,"19 Dec, 2014",Novalink,Novalink,Free,N/A
884660,CRSED: Cuisine Royale,"15 Jun, 2018",Darkflow Software,Gaijin Network Ltd,Free,N/A
50,Half-Life: Opposing Force,"1 Nov, 1999",Gearbox Software,Valve,200.0,N/A
1832640,Mirror 2: Project X,"20 Jan, 2022",KAGAMI ‚Ö° WORKs,NIJICO,41.0,N/A
223470,POSTAL 2,"2 Nov, 2012",Running With Scissors,Running With Scissors,385.0,59
270880,American Truck Simulator,"2 Feb, 2016",SCS Software,SCS Software,312.0,76
1144200,Ready or Not,"13 Dec, 2023",VOID Interactive,VOID Interactive,49.99,N/A
233450,Prison Architect,"6 Oct, 2015","Double Eleven, Introversion Software",Paradox Interactive,319.0,83
203770,Crusader Kings II,"14 Feb, 2012",Paradox Development Studio,Paradox Interactive,Free,82
312990,The Expendabros,"5 Aug, 2014",Free Lives,Devolver Digital,Free,N/A
457140,Oxygen Not Included,"30 Jul, 2019",Klei Entertainment,Klei Entertainment,449.0,86
1180380,Stay Out,"27 Nov, 2019",MOBITECH LLC,MOBITECH LLC,Free,N/A
323190,Frostpunk,"24 Apr, 2018",11 bit studios,11 bit studios,1100.0,84
389730,TEKKEN 7,"1 Jun, 2017",BANDAI NAMCO Studios Inc.,BANDAI NAMCO Entertainment,1199.0,82
236870,HITMAN‚Ñ¢,"11 Mar, 2016","IO Interactive A/S, Feral Interactive (Linux), Feral Interactive (Mac)","IO Interactive A/S, Feral Interactive (Linux), Feral Interactive (Mac)",Free,N/A
2195250,EA SPORTS FC‚Ñ¢ 24,"28 Sep, 2023",EA Canada & EA Romania,Electronic Arts,Free,N/A
613100,House Flipper,"17 May, 2018",Empyrean,"Frozen District, PlayWay S.A.",880.0,67
265630,Fistful of Frags,"9 May, 2014",Fistful of Frags Team,Fistful of Frags Team,Free,N/A
214950,Total War: ROME II - Emperor Edition,"3 Sep, 2013",CREATIVE ASSEMBLY,SEGA,Free,76
225540,Just Cause‚Ñ¢ 3,"30 Nov, 2015",Avalanche Studios,Square Enix,Free,74
312660,Sniper Elite 4,"13 Feb, 2017",Rebellion,Rebellion,105.99,78
245170,Skullgirls 2nd Encore,"22 Aug, 2013",Hidden Variable Studios,Autumn Games,93.0,83
33900,Arma 2,,Bohemia Interactive,Bohemia Interactive,640.0,77
209080,Guns of Icarus Online,"29 Oct, 2012",Muse Games,Muse Games,129.0,64
35450,Red Orchestra 2: Heroes of Stalingrad with Rising Storm,"13 Sep, 2011",Tripwire Interactive,Tripwire Interactive,399.0,76
439190,Stories: The Path of Destinies,"12 Apr, 2016",Spearhead Games,Spearhead Games,550.0,74
881020,Granblue Fantasy: Relink,"31 Jan, 2024","Cygames, Inc.","Cygames, Inc.",2900.0,N/A
99900,Spiral Knights,"14 Jun, 2011",Grey Havens,Grey Havens,Free,64
380,Half-Life 2: Episode One,"1 Jun, 2006",Valve,Valve,320.0,87
1260320,Party Animals,"20 Sep, 2023",Recreate Games,Source Technology,1238.0,N/A
219150,Hotline Miami,"23 Oct, 2012",Dennaton Games,Devolver Digital,2.59,85
35720,Trine 2: Complete Story,"6 Jun, 2013",Frozenbyte,Frozenbyte,499.0,84
207610,The Walking Dead,"24 Apr, 2012",Telltale Games,Skybound Games,550.0,82
335240,Transformice,"30 Jan, 2015",Atelier 801,Atelier 801,Free,N/A
219740,Don't Starve,"23 Apr, 2013",Klei Entertainment,Klei Entertainment,259.0,79
918570,Century: Age of Ashes,"2 Dec, 2021",Playwing LTD,Playwing LTD,Free,N/A
299360,Block N Load,"30 Apr, 2015","Toadman Interactive, Artplant",Toadman Interactive,Free,72
376210,The Isle,"1 Dec, 2015",Afterthought LLC,Afterthought LLC,419.0,N/A
728880,Overcooked! 2,"7 Aug, 2018","Ghost Town Games Ltd., Team17",Team17,Free,81
310950,Street Fighter V,"15 Feb, 2016","CAPCOM Co., Ltd.","CAPCOM Co., Ltd.",84.0,89
224600,Defiance,"4 Jun, 2014",Trion Worlds,Trion Worlds,Free,64
386940,Ultimate Chicken Horse,"4 Mar, 2016",Clever Endeavour Games,Clever Endeavour Games,549.0,N/A
880940,Pummel Party,"20 Sep, 2018",Rebuilt Games,Rebuilt Games,550.0,N/A
212680,FTL: Faster Than Light,"14 Sep, 2012",Subset Games,Subset Games,10.99,84
407530,ARK: The Survival Of The Fittest,"29 Aug, 2017","Studio Wildcard, Instinct Games, Efecto Studios, Virtual Basement LLC",Studio Wildcard,Free,N/A
1145350,Hades II,"6 May, 2024",Supergiant Games,Supergiant Games,38.99,N/A
355180,Codename CURE,"31 Oct, 2017",Hoobalugalar_X,Raptor Byte,Free,N/A
387990,Scrap Mechanic,"19 Jan, 2016",Axolot Games,Axolot Games,419.0,N/A
17410,Mirror's Edge‚Ñ¢,"14 Jan, 2009",DICE,Electronic Arts,29.99,81
233130,Shadow Warrior,"26 Sep, 2013",Flying Wild Hog,Devolver Digital,1100.0,73
247080,Crypt of the NecroDancer,"23 Apr, 2015",Brace Yourself Games,"Brace Yourself Games, Klei Entertainment",550.0,87
1289310,Helltaker,"11 May, 2020",vanripper,vanripper,Free,N/A
582160,Assassin's Creed¬Æ Origins,"26 Oct, 2017",Ubisoft Montreal,Ubisoft,41.25,N/A
268500,XCOM¬Æ 2,"4 Feb, 2016","Firaxis Games, Feral Interactive (Mac), Feral Interactive (Linux)","2K, Feral Interactive (Mac), Feral Interactive (Linux)",Free,88
368230,Kingdom: Classic,"21 Oct, 2015","Noio, Licorice",Raw Fury,Free,74
678950,DRAGON BALL FighterZ,"26 Jan, 2018",Arc System Works,BANDAI NAMCO Entertainment,3599.0,85
362890,Black Mesa,"6 Mar, 2020",Crowbar Collective,Crowbar Collective,710.0,84
113200,The Binding of Isaac,"28 Sep, 2011","Edmund McMillen, Florian Himsl",Edmund McMillen,99.0,84
209870,Blacklight: Retribution,"2 Jul, 2012","Hardsuit Labs, Inc.","Hardsuit Labs, Inc.",Free,75
203140,Hitman: Absolution‚Ñ¢,"19 Nov, 2012",Io-Interactive A/S,Io-Interactive A/S,399.0,79
262410,World of Guns: Gun Disassembly,"21 May, 2014",Noble Empire Corp.,Noble Empire Corp.,Free,N/A
361420,ASTRONEER,"6 Feb, 2019",System Era Softworks,System Era Softworks,29.99,N/A
976310,Mortal Kombat¬†11,"23 Apr, 2019","NetherRealm Studios, QLOC, Shiver","Warner Bros. Games, Warner Bros. Interactive Entertainment",69.99,82
34330,Total War: SHOGUN 2,,The Creative Assembly,,Free,90
282070,This War of Mine,"14 Nov, 2014",11 bit studios,11 bit studios,710.0,83
617290,Remnant: From the Ashes,"19 Aug, 2019",Gunfire Games,Arc Games,389.0,78
1454400,Cookie Clicker,"1 Sep, 2021","Orteil, DashNet",Playsaurus,6.49,N/A
285900,Gang Beasts,"12 Dec, 2017","Boneloaf, Rocket Science",Boneloaf,799.0,N/A
204880,Sins of a Solar Empire¬Æ: Rebellion,"12 Jun, 2012","Ironclad Games, Stardock Entertainment",Stardock Entertainment,1300.0,82
905370,Conqueror's Blade,"30 May, 2019",Booming Tech,MY.GAMES,Free,N/A
274170,Hotline Miami 2: Wrong Number,"10 Mar, 2015",Dennaton Games,Devolver Digital,82.0,N/A
438740,Friday the 13th: The Game,"25 May, 2017",IllFonic,Gun Media,Free,61
471710,Rec Room,"2 Sep, 2021",Rec Room,Rec Room,Free,N/A
372000,Tree of Savior (English Ver.),"28 Mar, 2016","IMCGAMES Co.,Ltd.","IMCGAMES Co.,Ltd.",Free,N/A
475150,Titan Quest Anniversary Edition,"31 Aug, 2016","Iron Lore Entertainment, THQ Nordic",THQ Nordic,649.0,N/A
287700,METAL GEAR SOLID V: THE PHANTOM PAIN,"1 Sep, 2015",KONAMI,KONAMI,599.0,91
1092790,Inscryption,"19 Oct, 2021",Daniel Mullins Games,Devolver Digital,274.0,85
418370,Resident Evil 7 Biohazard,"Jan 23, 2017","CAPCOM Co., Ltd.","CAPCOM Co., Ltd.",19.99,83
265930,Goat Simulator,"1 Apr, 2014",Coffee Stain Studios,Coffee Stain Publishing,385.0,62
269210,Hero Siege,"29 Jan, 2014",Panic Art Studios Ltd,Panic Art Studios Ltd,320.0,N/A
1372880,The Day Before,"7 Dec, 2023",FNTASTIC, Mytona Fntastic,Free,N/A
1158310,Crusader Kings III,"1 Sep, 2020",Paradox Development Studio,Paradox Interactive,19.99,91
335300,DARK SOULS‚Ñ¢ II: Scholar of the First Sin,"1 Apr, 2015","FromSoftware, Inc","Bandai Namco Entertainment, FromSoftware, Inc",2399.0,79
65800,Dungeon Defenders,"18 Oct, 2011",Chromatic Games,Chromatic Games,550.0,81
1056640,Phantasy Star Online 2 New Genesis,"5 Aug, 2020",SEGA,SEGA,Free,N/A
1619450,Heart of a Warrior,"1 Feb, 2022",Techworld Communication,Techworld Communication ,269.0,N/A
214490,Alien: Isolation,"6 Oct, 2014","Creative Assembly, Feral Interactive (Mac), Feral Interactive (Linux)","SEGA, Feral Interactive (Mac), Feral Interactive (Linux)",43.99,81
1943950,Escape the Backrooms,"11 Aug, 2022",Fancy Games,Fancy Games,207.0,N/A
244210,Assetto Corsa,"19 Dec, 2014",Kunos Simulazioni,Kunos Simulazioni,710.0,85
331470,Everlasting Summer,"19 Nov, 2014",Soviet Games,Soviet Games,Free,N/A
1222140,Detroit: Become Human,"18 Jun, 2020",Quantic Dream,Quantic Dream,1300.0,80
239030,"Papers, Please","8 Aug, 2013",Lucas Pope,3909,385.0,85
242720,GunZ 2: The Second Duel,"1 May, 2014","Masangsoft, Inc.","Masangsoft, Inc.",Free,N/A
367500,Dragon's Dogma: Dark Arisen,"15 Jan, 2016",Capcom,Capcom,29.99,81
516750,My Summer Car,"24 Oct, 2016",Amistech Games,Amistech Games,349.0,N/A
992300,ÂóúË°ÄÂç∞ Bloody Spell,"26 Jan, 2022",Ëâ∫ÈæôÊ∏∏Êàè,Ëâ∫ÈæôÊ∏∏Êàè,28.99,N/A
246620,Plague Inc: Evolved,"18 Feb, 2016",Ndemic Creations,Ndemic Creations,550.0,N/A
235460,METAL GEAR RISING: REVENGEANCE,"9 Jan, 2014",PlatinumGames,KONAMI,599.0,83
24200,DC Universe‚Ñ¢ Online,"2 Nov, 2011",Dimensional Ink Games,Daybreak Game Company,Free,72
316010,Magic Duels,"29 Jul, 2015",Stainless Games Ltd.,Wizards of the Coast LLC,Free,N/A
550900,Metin2,"8 May, 2017",WEBZEN Inc.,Gameforge 4D GmbH,Free,N/A
2054970,Dragon's Dogma 2,"21 Mar, 2024","CAPCOM Co., Ltd.","CAPCOM Co., Ltd.",64.99,N/A
703080,Planet Zoo,"5 Nov, 2019",Frontier Developments,Frontier Developments,51.49,81
581320,Insurgency: Sandstorm,"12 Dec, 2018",New World Interactive,Focus Entertainment,1699.0,78
11020,TrackMania Nations Forever,"16 Apr, 2008",Nadeo,Ubisoft,Free,N/A
286940,S.K.I.L.L. - Special Force 2 (Shooter),"19 May, 2015","Dragonfly GF Co., LTD",,Free,N/A
8850,BioShock¬Æ 2,"9 Feb, 2010","2K Marin, 2K China, Digital Extremes, 2K Australia",2K,Free,88
286570,F1 2015,"9 Jul, 2015","Codemasters, Feral Interactive (Linux)","Codemasters, Feral Interactive (Linux)",Free,61
838350,Â§™ÂêæÁªòÂç∑ The Scroll Of Taiwu,"20 Sep, 2018",ConchShip Games,ConchShip Games,770.0,N/A
207140,SpeedRunners,"19 Apr, 2016",DoubleDutch Games,tinyBuild,110.0,84
279720,The I of the Dragon,"6 Mar, 2015",Primal,TopWare Interactive,320.0,N/A
1569040,Football Manager 2022,"9 Nov, 2021",Sports Interactive,SEGA,Free,85
107100,Bastion,"16 Aug, 2011",Supergiant Games,Supergiant Games,19.49,86
530700,Argo,"22 Jun, 2017",Bohemia Interactive,Bohemia Interactive,Free,N/A
203290,America's Army: Proving Grounds,Aug 2013,U.S. Army,U.S. Army,Free,N/A
648350,Jurassic World Evolution,"11 Jun, 2018",Frontier Developments,Frontier Developments,50.49,69
248570,Toribash,"16 May, 2014",Nabi Studios,"Nicalis, Inc.",Free,N/A
221910,The Stanley Parable,"17 Oct, 2013",Galactic Cafe,Galactic Cafe,550.0,88
201790,Orcs Must Die! 2,"30 Jul, 2012",Robot Entertainment,Robot Entertainment,90.0,83
1203620,Enshrouded,"24 Jan, 2024",Keen Games GmbH,Keen Games GmbH,1399.0,N/A
644560,Mirror,"19 Apr, 2018",KAGAMI WORKS,Paradise Project,32.0,N/A
295110,Just Survive,"15 Jan, 2015",Daybreak Game Company,Daybreak Game Company,Free,N/A
427730,Who's Your Daddy?!,"13 May, 2016",Evil Tortilla Games,Evil Tortilla Games,199.0,N/A
238090,Sniper Elite 3,"27 Jun, 2014",Rebellion,Rebellion,28.99,N/A
434650,Lost Castle / Â§±ËêΩÂüéÂ†°,"31 Aug, 2016",Hunter Studio,Neon Doctrine,249.0,N/A
391460,WARMODE,"13 Sep, 2019",Novalink,Novalink,Free,N/A
1263850,Football Manager 2021,"24 Nov, 2020",Sports Interactive,SEGA,Free,N/A
305620,The Long Dark,"1 Aug, 2017",Hinterland Studio Inc.,Hinterland Studio Inc.,619.0,N/A
424370,Wolcen: Lords of Mayhem,"13 Feb, 2020",WOLCEN Studio,WOLCEN Studio,725.0,60
211420,DARK SOULS‚Ñ¢: Prepare To Die‚Ñ¢ Edition,"24 Aug, 2012",FromSoftware,Bandai Namco Entertainment,Free,85
280,Half-Life: Source,"1 Jun, 2004",Valve,Valve,385.0,N/A
1515950,Capcom Arcade Stadium,"24 May, 2021","CAPCOM Co., Ltd.","CAPCOM Co., Ltd.",Free,N/A
841370,NBA 2K19,"10 Sep, 2018",Visual Concepts,2K,Free,76
504230,Celeste,"25 Jan, 2018","Maddy Makes Games Inc., Extremely OK Games, Ltd.",Maddy Makes Games Inc.,710.0,88
1254120,Bless Unleashed,"6 Aug, 2021",VALOFE,VALOFE,Free,N/A
787860,Farming Simulator 19,"19 Nov, 2018",Giants Software,Giants Software,999.0,73
1217060,Gunfire Reborn,"17 Nov, 2021",Duoyi Games,Duoyi Games,22.79,N/A
1520470,Soul Dossier,Mar 2021,ÔºàHong KongÔºâGKD,ÔºàHong KongÔºâGKD,Free,N/A
108710,Alan Wake,"16 Feb, 2012",Remedy Entertainment,Remedy Entertainment,116.0,83
1361210,"Warhammer 40,000: Darktide","30 Nov, 2022",Fatshark,Fatshark,2749.0,N/A
1466860,Age of Empires IV: Anniversary Edition,"28 Oct, 2021","Relic Entertainment, Forgotten Empires, Climax Studios, World's Edge",Xbox Game Studios,49.99,81
310560,DiRT Rally,"7 Dec, 2015","Codemasters, Feral Interactive (Linux), Feral Interactive (Mac)","Codemasters, Feral Interactive (Linux), Feral Interactive (Mac), Electronic Arts",Free,86
12110,Grand Theft Auto: Vice City,"4 Jan, 2008",Rockstar Games,Rockstar Games,Free,94
1128810,RISK: Global Domination,"19 Feb, 2020",SMG Studio,SMG Studio,Free,N/A
524220,NieR:Automata‚Ñ¢,"17 Mar, 2017","Square Enix, PlatinumGames Inc.",Square Enix,53.5,84
236110,Dungeon Defenders II,"20 Jun, 2017",Chromatic Games,Chromatic Games,Free,N/A
233860,Kenshi,"6 Dec, 2018",Lo-Fi Games,Lo-Fi Games,1100.0,75
881100,Noita,"15 Oct, 2020",Nolla Games,Nolla Games,435.0,N/A
303390,Dead Bits,"7 Jun, 2014",Microblast Games,SA Industry,21.0,N/A
242920,Banished,"18 Feb, 2014",Shining Rock Software LLC,Shining Rock Software LLC,399.0,73
437900,Party Jousting,"1 Mar, 2016",vikingfabian.com,vikingfabian.com,Free,N/A
629730,Blade and Sorcery,"11 Dec, 2018",WarpFrog,WarpFrog,435.0,N/A
35700,Trine Enchanted Edition,"2 Jul, 2009",Frozenbyte,Frozenbyte,349.0,80
50300,Spec Ops: The Line,"29 Jun, 2012",YAGER,"2K, Missing Link Games",Free,76
210770,Sanctum 2,"15 May, 2013",Coffee Stain Studios,Coffee Stain Publishing,110.0,77
22370,Fallout 3: Game of the Year Edition,17 DIC 2009,Bethesda Game Studios,Bethesda Softworks,359.0,91
388410,Darksiders II Deathinitive Edition,"5 Nov, 2015","Gunfire Games, Vigil Games, THQ Nordic",THQ Nordic,699.0,N/A
259080,Just Cause 2: Multiplayer Mod,"16 Dec, 2013",Avalanche Studios,Square Enix,Free,N/A
783770,Ironsight,"19 Jun, 2019","WipleGames Inc.,","WipleGames Inc.,",Free,N/A
1172380,STAR WARS Jedi: Fallen Order‚Ñ¢,"14 Nov, 2019",Respawn Entertainment,Electronic Arts,54.99,81
644930,They Are Billions,"18 Jun, 2019",Numantian Games,Numantian Games,899.0,77
848450,Subnautica: Below Zero,"13 May, 2021",Unknown Worlds Entertainment,Unknown Worlds Entertainment,1100.0,N/A
40800,Super Meat Boy,"30 Nov, 2010",Team Meat,,74.0,87
41070,Serious Sam 3: BFE,"22 Nov, 2011",Croteam,Devolver Digital,1100.0,72
774171,Muse Dash,"19 Jun, 2019",peropero,hasuhasu,170.0,N/A
1363080,Manor Lords,"26 Apr, 2024",Slavic Magic,Hooded Horse,1499.0,N/A
1888160,ARMORED CORE‚Ñ¢ VI FIRES OF RUBICON‚Ñ¢,"24 Aug, 2023",FromSoftware Inc.,"FromSoftware Inc., Bandai Namco Entertainment Inc.",79.99,86
1274570,DEVOUR,"28 Jan, 2021",Straight Back Games,Straight Back Games,200.0,N/A
268420,Aura Kingdom,Jul 2014,X-Legend,Aeria Games,Free,N/A
389570,Mitos.is: The Game,"29 Jul, 2015",Freakinware Studios,Freakinware Studios,Free,N/A
206210,Gotham City Impostors Free to Play,"30 Aug, 2012","Monolith Productions, Inc.",Warner Bros. Interactive Entertainment,Free,N/A
740130,Tales of Arise,"9 Sep, 2021",Bandai Namco Studios Inc.,Bandai Namco Entertainment,2399.0,84
319510,Five Nights at Freddy's,"19 Aug, 2014",Scott Cawthon,Scott Cawthon,133.0,78
204300,Awesomenauts - the 2D moba,"1 Aug, 2012",Ronimo Games,Atari,Free,78
343710,Kholat,"9 Jun, 2015",IMGN.PRO,IMGN.PRO,710.0,64
2344520,Diablo¬Æ IV,"17 Oct, 2023","Blizzard Entertainment, Inc."," Blizzard Entertainment, Inc.",89.99,N/A
323580,Jotun: Valhalla Edition,"29 Sep, 2015",Thunder Lotus Games,Thunder Lotus Games,550.0,79
464920,Surviving Mars,"15 Mar, 2018","Haemimont Games, Abstraction",Paradox Interactive,399.0,76
265590,The Red Solstice,"9 Jul, 2015",Ironward,Ironward,259.0,74
50620,Darksiders‚Ñ¢,"23 Sep, 2010",Vigil Games,THQ Nordic,Free,83
274190,Broforce,"15 Oct, 2015",Free Lives,Devolver Digital,110.0,83
1840,Source Filmmaker,"10 Jul, 2012",Valve,Valve,Free,N/A
282140,SOMA,"21 Sep, 2015",Frictional Games,Frictional Games,110.0,84
39120,RIFT,"1 Mar, 2011",gamigo US Inc.,gamigo US Inc.,Free,84
204450,Call of Juarez: Gunslinger,"22 May, 2013",Techland,Techland Publishing,Free,79
823130,Totally Accurate Battlegrounds,"5 Jun, 2018",Landfall,Landfall,Free,N/A
767560,War Robots,"4 Apr, 2018",MY.GAMES HOLDINGS LTD,MY.GAMES HOLDINGS LTD,Free,N/A
244450,Men of War: Assault Squad 2,"15 May, 2014",Digitalmindsoft,Fulqrum Publishing,220.0,68
1248130,Farming Simulator 22,"21 Nov, 2021",Giants Software,Giants Software,1500.0,N/A
1167630,Teardown,"21 Apr, 2022",Tuxedo Labs,"Tuxedo Labs, Saber Interactive",1399.0,80
527230,For The King,"19 Apr, 2018",IronOak Games,Curve Games,435.0,79
433340,Slime Rancher,"1 Aug, 2017",Monomi Park,Monomi Park,799.0,81
570940,DARK SOULS‚Ñ¢: REMASTERED,"23 May, 2018",QLOC,"FromSoftware, Inc, Bandai Namco Entertainment",2399.0,84
482730,Football Manager 2017,"3 Nov, 2016",Sports Interactive,SEGA,Free,80
304430,INSIDE,"7 Jul, 2016",Playdead,Playdead,2.59,87
611500,Quake Champions,"18 Aug, 2022",id Software,Bethesda Softworks,Free,N/A
645630,Car Mechanic Simulator 2018,"28 Jul, 2017",Red Dot Games,PlayWay S.A.,710.0,N/A
1408720,Krunker,"1 Feb, 2021",FRVR,FRVR,Free,N/A
1399780,Spellbreak,"15 Dec, 2020","Proletariat, Inc.","Proletariat, Inc.",Free,N/A
952060,Resident Evil 3,"2 Apr, 2020","CAPCOM Co., Ltd.","CAPCOM Co., Ltd.",139.9,77
1313140,Cult of the Lamb,"11 Aug, 2022",Massive Monster,Devolver Digital,16.79,82
630100,SoulWorker - Anime Action MMO,"26 Feb, 2018","Lion Games Co., Ltd.",Gameforge 4D GmbH,Free,N/A
436520,Line of Sight,"31 Jan, 2017",BlackSpot Entertainment,BlackSpot Entertainment,Free,N/A
1824220,Chivalry 2,"12 Jun, 2022",Torn Banner Studios,Tripwire Presents,1199.0,82
454650,DRAGON BALL XENOVERSE 2,"27 Oct, 2016","QLOC, DIMPS",Bandai Namco Entertainment,1199.0,78
414700,Outlast 2,"24 Apr, 2017",Red Barrels,Red Barrels,1100.0,75
606150,Moonlighter,"29 May, 2018",Digital Sun,11 bit studios,435.0,N/A
1942280,Brotato,"23 Jun, 2023",Blobfish,Blobfish,150.0,N/A
738060,Freddy Fazbear's Pizzeria Simulator,"4 Dec, 2017",Scott Cawthon,Scott Cawthon,Free,N/A
330020,Children of Morta,"3 Sep, 2019",Dead Mage,11 bit studios,465.0,82
2310,Quake,"3 Aug, 2007","id Software, Nightdive Studios, MachineGames",Bethesda Softworks,13.49,94
40990,Mafia,"28 Aug, 2002",Illusion Softworks,2K,Free,88
342200,MechWarrior Online‚Ñ¢ Legends,"10 Dec, 2015",Piranha Games Inc.,Piranha Games Inc.,Free,N/A
393380,Squad,"23 Sep, 2020",Offworld,Offworld,1099.0,N/A
346010,Besiege,"18 Feb, 2020",Spiderling Studios,Spiderling Studios,550.0,N/A
424280,Iron Snout,"27 Jan, 2016",SnoutUp,SnoutUp,Free,N/A
460950,Katana ZERO,"18 Apr, 2019",Askiisoft,Devolver Digital,11.69,83
38400,Fallout: A Post Nuclear Role Playing Game,"19 Aug, 2009",Interplay Inc.,Bethesda Softworks,Free,89
104900,ORION: Prelude,"16 Apr, 2013",DANKIE,DANKIE,29.0,N/A
578310,BRAIN / OUT,"24 Feb, 2017",Desertkun,Desertkun,Free,N/A
977950,A Dance of Fire and Ice,"24 Jan, 2019",7th Beat Games,"7th Beat Games, indienova",6.69,N/A
234650,Shadowrun Returns,"25 Jul, 2013",Harebrained Schemes,Paradox Interactive,207.0,76
312530,Duck Game,"4 Jun, 2015",Landon Podbielski,Adult Swim Games,289.0,82
1057240,Crucible Beta,"20 May, 2020",Relentless Studios,Amazon Games,Free,56
12100,Grand Theft Auto III,"4 Jan, 2008",Rockstar Games,Rockstar Games,Free,93
1364780,Street Fighter‚Ñ¢ 6,"1 Jun, 2023","CAPCOM Co., Ltd.","CAPCOM Co., Ltd.",59.99,92
632470,Disco Elysium - The Final Cut,"15 Oct, 2019",ZA/UM,ZA/UM,725.0,97
383870,Firewatch,"9 Feb, 2016",Campo Santo,"Panic, Campo Santo",25.99,81
1284210,Guild Wars 2,"23 Aug, 2022",ArenaNet¬Æ,NCSOFT,Free,90
24960,Battlefield: Bad Company‚Ñ¢ 2,"2 Mar, 2010",DICE,Electronic Arts,Free,87
893520,Creative Destruction,"2 Aug, 2018",NetEase Games,NetEase Games,Free,N/A
349040,NARUTO SHIPPUDEN: Ultimate Ninja STORM 4,"4 Feb, 2016",CyberConnect2 Co. Ltd.,BANDAI NAMCO Entertainment,239.0,N/A
453480,Shadowverse CCG,"27 Oct, 2016","Cygames, Inc.","Cygames, Inc., Cygames Korea Inc.",Free,N/A
57690,Tropico 4,"1 Sep, 2011",Haemimont Games,Kalypso Media Digital,849.0,78
204340,Serious Sam 2,"31 Jan, 2012",Croteam,Devolver Digital,385.0,74
629520,Soundpad,"30 Sep, 2017",Leppsoft,Leppsoft,200.0,N/A
389430,Knight Online,"25 Jan, 2016","Noah System, Mgame",NTTGame,Free,N/A
10500,Total War: EMPIRE ‚Äì Definitive Edition,"4 Mar, 2009","CREATIVE ASSEMBLY, Feral Interactive (Mac), Feral Interactive (Linux)","SEGA, Feral Interactive (Mac), Feral Interactive (Linux)",Free,90
563560,Alien Swarm: Reactive Drop,"20 Apr, 2017",Reactive Drop Team,Reactive Drop Team,Free,N/A
872790,Football Manager 2019,"2 Nov, 2018",Sports Interactive,SEGA,Free,86
1139900,Ghostrunner,"27 Oct, 2020","One More Level, 3D Realms, Slipgate Ironworks‚Ñ¢, All in! Games",505 Games,1499.0,81
349700,Romero's Aftermath,"24 Sep, 2015",Free Reign Entertainment,"OP Productions LLC, Free Reign East LLC",Free,N/A
238370,Magicka 2,"26 May, 2015",Pieces Interactive,Paradox Interactive,207.0,N/A
206440,To the Moon,"7 Sep, 2012",Freebird Games,Freebird Games,12.99,81
206500,AirMech,"30 Mar, 2018",Carbon Games,Carbon Games,Free,N/A
1343400,RuneScape ¬Æ,"14 Oct, 2020",Jagex Ltd,Jagex Ltd,Free,N/A
544810,KARDS - The WW2 Card Game,"15 Apr, 2020",1939 Games,1939 Games,Free,80
365450,Hacknet,"12 Aug, 2015",Team Fractal Alligator,Fellow Traveller,385.0,82
319830,AX:EL - Air XenoDawn,"4 Dec, 2015",Alex Piola,KISS ltd,Free,N/A
1522820,Orcs Must Die! 3,"23 Jul, 2021",Robot Entertainment,Robot Entertainment,330.0,N/A
289130,ENDLESS‚Ñ¢ Legend,"18 Sep, 2014",AMPLITUDE Studios,SEGA,23.79,82
555160,Pavlov,"27 Feb, 2017",Vankrupt Games,Vankrupt Games,465.0,N/A
858820,Tribes of Midgard,"27 Jul, 2021",Norsfell,Gearbox Publishing,24.99,N/A
701160,Kingdom Two Crowns,"11 Dec, 2018","StumpyüêôSquid, Fury Studios, Coatsink",Raw Fury,177.0,N/A
1627140,Sabre Team,"4 Jun, 2021",Krisalis Software,Ziggurat,175.0,N/A
606280,Darksiders III,"27 Nov, 2018",Gunfire Games,THQ Nordic,1499.0,70
502500,ACE COMBAT‚Ñ¢ 7: SKIES UNKNOWN,"31 Jan, 2019",Bandai Namco Studios Inc.,Bandai Namco Entertainment,79.99,78
678960,CODE VEIN,"26 Sep, 2019",Bandai Namco Studios,Bandai Namco Entertainment,49.99,72
308040,Back to Bed,"6 Aug, 2014",Bedtime Digital Games,Bedtime Digital Games,149.0,N/A
442080,Riders of Icarus,"6 Jul, 2016","WeMade, VALOFE",VALOFE,Free,N/A
736590,Operation: Harsh Doorstop,"15 Feb, 2023",Drakeling Labs,,Free,N/A
113420,Fallen Earth Classic,"22 Feb, 2012",Little Orbit,Little Orbit,Free,71
2186680,"Warhammer 40,000: Rogue Trader","7 Dec, 2023",Owlcat Games,Owlcat Games ,1599.0,N/A
274940,Depth,"3 Nov, 2014",Digital Confectioners,Digital Confectioners,1199.0,65
1304930,The Outlast Trials,"5 Mar, 2024",Red Barrels,Red Barrels,1300.0,N/A
308600,Gene Shift Auto,"23 May, 2017",Nik Nak Studios,Nik Nak Studios,Free,N/A
327690,Gigantic,"19 Jul, 2017",Motiga Inc.,Perfect World Entertainment,Free,76
1536610,OpenTTD,"1 Apr, 2021",OpenTTD,OpenTTD,Free,N/A
6860,Hitman: Blood Money,"15 Mar, 2007",Io-Interactive A/S,Io-Interactive A/S,385.0,82
706990,BLOCKPOST LEGACY,"25 Apr, 2019",Skullcap Studios,Skullcap Studios,Free,N/A
24740,Burnout Paradise: The Ultimate Box,"12 Mar, 2009",Criterion Games,Electronic Arts,Free,87
239820,Game Dev Tycoon,"29 Aug, 2013",Greenheart Games üíö,Greenheart Games üíö,385.0,68
302510,Ryse: Son of Rome,"10 Oct, 2014",Crytek,Crytek ,259.0,61
1904540,Football Manager 2023,"8 Nov, 2022",Sports Interactive,SEGA,Free,N/A
298240,War Trigger 3,"22 Dec, 2015","Rocketeer Games Studio, LLC","Rocketeer Games Studio, LLC",Free,N/A
332950,Dark Deception,"26 Sep, 2018",Glowstick Entertainment,Glowstick Entertainment,Free,N/A
228280,Baldur's Gate: Enhanced Edition,"16 Jan, 2013",Beamdog,Beamdog,710.0,78
627690,Idle Champions of the Forgotten Realms,"25 Mar, 2020",Codename Entertainment Inc.,Codename Entertainment Inc.,Free,N/A
569480,Kingdoms and Castles,"20 Jul, 2017","Lion Shield, LLC","Lion Shield, LLC",550.0,N/A
228380,Wreckfest,"14 Jun, 2018",Bugbear,THQ Nordic,1199.0,81
417860,Emily is Away,"20 Nov, 2015",Kyle Seeley,Kyle Seeley,Free,N/A
214420,Gear Up,"28 Jan, 2015",Doctor Entertainment AB,Doctor Entertainment AB,Free,N/A
24980,Mass Effect 2 (2010 Edition),,BioWare,Electronic Arts,Free,94
809960,Radical Heights,"10 Apr, 2018",Boss Key Productions,Boss Key Productions,Free,N/A
621060,PC Building Simulator,"29 Jan, 2019","Claudiu Kiss, The Irregular Corporation",The Irregular Corporation,710.0,N/A
248820,Risk of Rain (2013),"8 Nov, 2013",Hopoo Games,Gearbox Publishing,249.0,77
102600,Orcs Must Die!,"11 Oct, 2011",Robot Entertainment,Robot Entertainment,64.0,83
630,Alien Swarm,"19 Jul, 2010",Valve,Valve,Free,77
949230,Cities: Skylines II,"24 Oct, 2023",Colossal Order Ltd.,Paradox Interactive,2492.0,N/A
280790,Creativerse,"8 May, 2017",Playful Corp.,Playful Corp.,879.0,N/A
47830,Medal of Honor MP,,Electronic Arts,Electronic Arts,Free,N/A
447820,Day of Infamy,"23 Mar, 2017",New World Interactive,New World Interactive,360.0,77
637090,BATTLETECH,"24 Apr, 2018",Harebrained Schemes,Paradox Interactive,549.0,78
1213210,Command & Conquer‚Ñ¢ Remastered Collection,"5 Jun, 2020","Petroglyph, Lemon Sky Studios",Electronic Arts,29.99,82
638070,Murderous Pursuits,"26 Apr, 2018",Blazing Griffin,Blazing Griffin,259.0,63
1509960,PICO PARK,"7 May, 2021",TECOPARK,TECOPARK,2.99,N/A
636480,Ravenfield,"18 May, 2017",SteelRaven7,SteelRaven7,650.0,N/A
242860,Verdun,"28 Apr, 2015",BlackMill Games,BlackMill Games,710.0,70
491950,Orwell: Keeping an Eye On You,"27 Oct, 2016",Osmotic Studios,Osmotic Studios,259.0,77
214560,Mark of the Ninja,,Klei Entertainment,Microsoft Studios,Free,91
683320,GRIS,"13 Dec, 2018",Nomada Studio,Devolver Digital,3.89,84
322500,SUPERHOT,"25 Feb, 2016",SUPERHOT Team,SUPERHOT Team,849.0,82
392160,X4: Foundations,"30 Nov, 2018",Egosoft,Egosoft,1600.0,N/A
582500,We Were Here,"3 Feb, 2017",Total Mayhem Games,Total Mayhem Games,Free,N/A
1049410,Superliminal,"5 Nov, 2020",Pillow Castle,Pillow Castle,710.0,N/A
1377580,Soulworker,"12 May, 2021",VALOFE,G„ÉªO„ÉªP,Free,N/A
2231450,Pizza Tower,"26 Jan, 2023",Tour De Pizza,Tour De Pizza,419.0,N/A
364470,The Elder Scrolls¬Æ: Legends‚Ñ¢,"31 May, 2017","Sparkypants Studios, LLC",Bethesda Softworks,Free,N/A
4920,Natural Selection 2,"30 Oct, 2012",Unknown Worlds Entertainment,Unknown Worlds Entertainment,200.0,80
1313860,EA SPORTS‚Ñ¢ FIFA 21,"8 Oct, 2020",EA Canada,Electronic Arts,Free,N/A
492720,Tropico 6,"29 Mar, 2019","Limbic Entertainment, Realmforge Studios",Kalypso Media,2299.0,78
519860,DUSK,"10 Dec, 2018",David Szymanski,New Blood Interactive,25.99,88
232890,Stronghold Crusader 2,"22 Sep, 2014",FireFly Studios,FireFly Studios,29.99,N/A
437920,Tricky Towers,"2 Aug, 2016",WeirdBeard,WeirdBeard,550.0,80
438040,Shakes and Fidget,"24 Feb, 2016",Playa Games GmbH,Playa Games GmbH,Free,N/A
233720,Surgeon Simulator,"19 Apr, 2013",Bossa Studios,tinyBuild,77.0,71
834910,ATLAS,"22 Dec, 2018","Grapeshot Games, Instinct Games","Grapeshot Games, Snail Games USA",1100.0,N/A
225080,Brothers - A Tale of Two Sons,"3 Sep, 2013",Starbreeze Studios AB,505 Games,349.0,90
493520,GTFO,"9 Dec, 2021",10 Chambers,10 Chambers,1675.0,78
34440,Sid Meier's Civilization¬Æ IV,"25 Oct, 2006",Firaxis Games,2K,Free,94
17080,Tribes: Ascend,"27 Jun, 2012",Hi-Rez Studios,Hi-Rez Studios,Free,86
4700,Total War: MEDIEVAL II ‚Äì Definitive Edition,"15 Nov, 2006","CREATIVE ASSEMBLY, Feral Interactive (Mac), Feral Interactive (Linux)","SEGA, Feral Interactive (Mac), Feral Interactive (Linux)",Free,N/A
253980,Enclave,"4 Oct, 2013",Starbreeze,Topware Interactive,385.0,71
635260,CarX Drift Racing Online,"17 Nov, 2017","CarX Technologies, LLC","CarX Technologies, LLC",769.0,N/A
602960,Barotrauma,"13 Mar, 2023","FakeFish, Undertow Games",Daedalic Entertainment,1100.0,81
237930,Transistor,"20 May, 2014",Supergiant Games,Supergiant Games,710.0,83
312520,Rain World,"28 Mar, 2017",Videocult,Akupara Games,880.0,66
265210,Viscera Cleanup Detail: Santa's Rampage,"13 Dec, 2013",RuneStorm,RuneStorm,104.1,N/A
324800,Shadow Warrior 2,"13 Oct, 2016",Flying Wild Hog,Devolver Digital,1100.0,78
41500,Torchlight,"27 Oct, 2009",Runic Games,Arc Games,49.0,83
568220,Lobotomy Corporation | Monster Management Simulation,"9 Apr, 2018",ProjectMoon,ProjectMoon,465.0,N/A
459820,Crush Crush,"18 Oct, 2016",Sad Panda Studios,Sad Panda Studios,Free,N/A
207230,ArcheBlade‚Ñ¢,"25 Apr, 2014",CodeBrush Games,Codebrush Games,Free,N/A
34270,SEGA Mega Drive and Genesis Classics,"1 Jun, 2010",D3T Limited,SEGA,Free,N/A
527430,"Warhammer 40,000: Inquisitor - Martyr","5 Jun, 2018",NeocoreGames,NeocoreGames,1600.0,67
215080,WAKFU,"18 Sep, 2014",Ankama Studio,Ankama Games,Free,76
311860,Data Hacker: Initiation,"21 Jul, 2014",New Reality Games,New Reality Games,42.0,N/A
1286680,Tiny Tina's Wonderlands,"23 Jun, 2022",Gearbox Software,2K,79.99,N/A
251060,Wargame: Red Dragon,"17 Apr, 2014",Eugen Systems,Eugen Systems,1879.0,78
17460,Mass Effect (2007),"19 Dec, 2008",BioWare,Electronic Arts,39.99,89
633230,NARUTO TO BORUTO: SHINOBI STRIKER,"29 Jun, 2023",Soleil Ltd.,Bandai Namco Entertainment,299.0,N/A
332070,School of Dragons,"4 Dec, 2014","JumpStart Games, Inc.","JumpStart Games, Inc.",Free,N/A
341800,Keep Talking and Nobody Explodes,"8 Oct, 2015",Steel Crate Games,Steel Crate Games,550.0,71
224760,FEZ,"1 May, 2013",Polytron Corporation,Trapdoor,249.0,91
704850,Thief Simulator,"9 Nov, 2018",Noble Muffins,PlayWay S.A.,710.0,N/A
1557740,ROUNDS,"1 Apr, 2021",Landfall,Landfall,119.0,N/A
65790,ARMA: Cold War Assault,"8 Aug, 2011",Bohemia Interactive,Bohemia Interactive,290.0,N/A
510840,Evolvation,"6 Feb, 2017","Eric Ruts, Jacob Kooiman",HyperReuts,82.0,N/A
1282100,REMNANT II¬Æ,"25 Jul, 2023",Gunfire Games,Arc Games,2069.0,N/A
1549970,Aliens: Fireteam Elite,"23 Aug, 2021",Cold Iron Studios,"Cold Iron Studios, Focus Entertainment",1099.0,N/A
774861,Project Winter,"23 May, 2019",Other Ocean Interactive,Other Ocean Group,259.0,N/A
373420,Divinity: Original Sin - Enhanced Edition,"27 Oct, 2015",Larian Studios,Larian Studios,699.0,94
427270,Orcs Must Die! Unchained,"19 Apr, 2017",Robot Entertainment,Robot Entertainment,Free,87
334230,Town of Salem,"15 Dec, 2014",BlankMediaGames,BlankMediaGames,199.0,N/A
378540,The Surge,"15 May, 2017",Deck13,Focus Entertainment,849.0,72
752590,A Plague Tale: Innocence,"14 May, 2019",Asobo Studio,Focus Entertainment,54.99,81
942970,Unheard - Voices of Crime,"28 Mar, 2019",NEXT Studios,"NEXT Studios, 505 Games",400.0,72
96100,Defy Gravity Extended,"18 Mar, 2016",Paul Fisch,Fish Factory Games,82.0,N/A
235540,Warhammer: End Times - Vermintide,"23 Oct, 2015",Fatshark,Fatshark,1100.0,79
206480,Dungeons & Dragons Online¬Æ,"25 Jun, 2012","Standing Stone Games, LLC","Standing Stone Games, LLC",Free,N/A
1353950,Ring of Fire: Prologue,"15 Dec, 2020","de Fault, Chard",Far Few Giants,Free,N/A
2322560,Love Is All Around,"17 Oct, 2023",intiny,intiny,385.0,N/A
511470,Glass Masquerade,"18 Nov, 2016",Onyx Lute,Onyx Lute,200.0,N/A
32800,Lord of the Rings: War in the North,"1 Nov, 2011",Snowblind Studios,Warner Bros. Interactive Entertainment,Free,66
270150,RUNNING WITH RIFLES,"2 Apr, 2015",Osumia Games,Osumia Games,399.0,78
1147560,Skul: The Hero Slayer,"20 Jan, 2021",SOUTHPAW GAMES,NEOWIZ,460.0,80
263500,Dragons and Titans,"12 Mar, 2014",Wyrmbyte,Versus Evil	,Free,43
1987080,Inside the Backrooms,"20 Jun, 2022",MrFatcat,"MrFatcat, Dropsiick",300.0,N/A
979690,The Ascent,"29 Jul, 2021",Neon Giant,Curve Games,2099.0,N/A
39500,Gothic¬Æ 3,"2 Dec, 2009",Piranha Bytes,THQ Nordic,199.0,63
870780,Control Ultimate Edition,"27 Aug, 2020",Remedy Entertainment,505 Games,1599.0,85
418240,Shadow Tactics: Blades of the Shogun,"6 Dec, 2016",Mimimi Games,Daedalic Entertainment,49.99,85
292910,Deponia: The Complete Journey,"8 Jul, 2014",Daedalic Entertainment,Daedalic Entertainment,995.0,N/A
240320,Panzar,"25 Nov, 2013",Panzar Studio,OVALIS INVESTMENTS LIMITED,Free,N/A
3910,Sid Meier's Civilization¬Æ III Complete,"25 Oct, 2006",Firaxis Games,2K,Free,90
304670,Aeon Command,"3 Jul, 2014","Bat Country Games, LLC","Bat Country Games, LLC",79.0,N/A
583950,Artifact,"28 Nov, 2018",Valve,Valve,Free,76
1343370,Old School RuneScape,"24 Feb, 2021",Jagex Ltd,Jagex Ltd,Free,N/A
6850,Hitman 2: Silent Assassin,"15 Mar, 2007",Io-Interactive A/S,Io-Interactive A/S,269.0,87
657200,Hand Simulator,"18 Jul, 2017",HFM Games,HFM Games,125.0,N/A
209670,Cortex Command,"28 Sep, 2012",Data Realms,"Data Realms, LLC",399.0,44
1184370,Pathfinder: Wrath of the Righteous - Enhanced Edition,"2 Sep, 2021",Owlcat Games,"META Publishing, Owlcat Games",1199.0,83
241600,Rogue Legacy,"27 Jun, 2013",Cellar Door Games,Cellar Door Games,550.0,85
1089090,ONE PIECE: PIRATE WARRIORS 4,"26 Mar, 2020",Koei Tecmo,BANDAI NAMCO Entertainment,599.0,N/A
1380400,Saving Grace,"2 Jan, 2021",Thomas JC Ironmonger,Ironmonger Games,82.0,N/A
1178830,Bright Memory: Infinite,"11 Nov, 2021",FYQD-Studio,"FYQD-Studio, PLAYISM",435.0,N/A
311340,METAL GEAR SOLID V: GROUND ZEROES,"18 Dec, 2014",KONAMI,KONAMI,599.0,80
544730,Catan Universe,"25 Apr, 2017",Client/Frontend: Endava  / Backend: SuperNimbus,USM,Free,N/A
736220,Squad 44,"9 Aug, 2018",Offworld,Offworld,957.0,N/A
1533390,Gorilla Tag,"1 Jan, 2023",Another Axiom Inc.,Another Axiom Inc.,710.0,N/A
851850,DRAGON BALL Z: KAKAROT,"16 Jan, 2020",CyberConnect2 Co. Ltd.,Bandai Namco Entertainment Inc.,2399.0,73
674020,World War 3,"10 Dec, 2022",The Farm 51,"Wishlist Games, The 4 Winds Entertainment",Free,N/A
622650,Bendy and the Ink Machine,"27 Apr, 2017",Joey Drew Studios,Joey Drew Studios,24.99,N/A
1258080,Shop Titans,"5 May, 2020","Kabam Games, Inc.","Kabam Games, Inc.",Free,N/A
666220,CS2D,"15 Nov, 2017",Unreal Software,Unreal Software,Free,N/A
1089980,The Henry Stickmin Collection,"7 Aug, 2020",PuffballsUnited,Innersloth,599.0,N/A
34460,Civilization IV: Beyond the Sword,"24 Jul, 2007",Firaxis Games,2K,Free,86
245620,Tropico 5,"23 May, 2014",Haemimont Games,Kalypso Media Digital,1099.0,75
1282730,Loop Hero,"4 Mar, 2021",Four Quarters,Devolver Digital,181.0,82
1755910,Capcom Arcade 2nd Stadium,"21 Jul, 2022","CAPCOM Co., Ltd.","CAPCOM Co., Ltd.",Free,N/A
418070,Turbo Pug,"9 Nov, 2015","Space Cat Studios, SnowFlame, Back To Basics Gaming",Back To Basics Gaming,42.0,N/A
1096530,Solasta: Crown of the Magister,"27 May, 2021",Tactical Adventures,Tactical Adventures,1100.0,N/A
1483870,Draw & Guess,"12 Mar, 2021",Acureus,Acureus,125.0,N/A
237110,Mortal Kombat Komplete Edition,,"NetherRealm Studios, High Voltage Software",Warner Bros. Interactive Entertainment,Free,81
253900,Knights and Merchants,"14 Oct, 2013",Topware Interactive,Topware Interactive,385.0,N/A
302670,Call to Arms,"27 Apr, 2018",Digitalmindsoft,Digitalmindsoft,550.0,N/A
38410,Fallout 2: A Post Nuclear Role Playing Game,"19 Aug, 2009",Black Isle Studios,Bethesda Softworks,Free,86
55110,Red Faction¬Æ: Armageddon‚Ñ¢,"6 Jun, 2011",Volition,Deep Silver ,Free,75
242700,Injustice: Gods Among Us Ultimate Edition,,"NetherRealm Studios, High Voltage Software",Warner Bros. Interactive Entertainment,Free,79
675010,MudRunner,"30 Oct, 2017",Saber Interactive,Focus Entertainment,1199.0,N/A
955050,Bright Memory,"25 Mar, 2020",FYQD-Studio,"FYQD-Studio, PLAYISM",195.0,N/A
1659040,HITMAN World of Assassination,"20 Jan, 2022",IO Interactive A/S,IO Interactive A/S,300.0,87
232050,Eador. Masters of the Broken World,"19 Apr, 2013",Snowbird Games,Snowbird Games,399.0,74
2399830,ARK: Survival Ascended,"25 Oct, 2023","Studio Wildcard, Grove Street Games, Instinct Games","Studio Wildcard, Snail Games USA",4220.0,N/A
480490,Prey,"4 May, 2017",Arkane Studios,Bethesda Softworks,16900.0,N/A
1061910,Metal: Hellsinger,"15 Sep, 2022",The Outsiders,Funcom,1650.0,N/A
692850,Bloodstained: Ritual of the Night,"18 Jun, 2019",ArtPlay,505 Games,1499.0,N/A
231060,Ragnarok Online 2,"1 May, 2013","Gravity, Inc.",Gravity Interactive,Free,N/A
17300,Crysis,"17 Sep, 2008",Crytek,Electronic Arts,Free,91
257350,Baldur's Gate II: Enhanced Edition,"15 Nov, 2013",Beamdog,Beamdog,710.0,78
323850,Move or Die,"21 Jan, 2016",Those Awesome Guys,Those Awesome Guys,349.0,80
41000,Serious Sam HD: The First Encounter,"24 Nov, 2009",Croteam,Devolver Digital,249.0,68
26800,Braid,"10 Apr, 2009",Number None,Number None,Free,90
410320,EARTH DEFENSE FORCE 4.1 The Shadow of New Despair,"18 Jul, 2016",SANDLOT,D3PUBLISHER,435.0,79
250400,How to Survive,"29 Aug, 2014",Eko Software,505 Games,349.0,60
239350,Spelunky,"8 Aug, 2013",Mossmouth,Mossmouth,349.0,90
599140,Graveyard Keeper,"15 Aug, 2018",Lazy Bear Games,tinyBuild,142.0,69
462780,Darksiders Warmastered Edition,"29 Nov, 2016","KAIKO, Vigil Games",THQ Nordic,299.0,N/A
257510,The Talos Principle,"11 Dec, 2014",Croteam,"Devolver Digital, Croteam",165.0,85
22350,BRINK,"9 May, 2011",Splash Damage,Bethesda Softworks,Free,70
34450,Civilization IV¬Æ: Warlords,"6 Apr, 2007",Firaxis Games,2K,Free,84
816020,JUMP FORCE,"14 Feb, 2019","Spike Chunsoft Co., Ltd.",BANDAI NAMCO Entertainment,Free,60
215280,Secret World Legends,"31 Jul, 2017",Funcom,Funcom,Free,76
7760,X-COM: UFO Defense,"4 Sep, 2008","MicroProse Software, Inc",2K,Free,N/A
239200,Amnesia: A Machine for Pigs,"10 Sep, 2013",The Chinese Room,Frictional Games,710.0,72
921630,Èü≥ÁÅµ INVAXION,"19 Dec, 2018",Nanjing AQUATRAX,bilibili,Free,N/A
226840,Age of Wonders III,"31 Mar, 2014",Triumph Studios,Paradox Interactive,399.0,80
753640,Outer Wilds,"18 Jun, 2020",Mobius Digital,Annapurna Interactive,1050.0,85
1150690,OMORI,"25 Dec, 2020","OMOCAT, LLC","OMOCAT, LLC",22.79,87
447020,Farming Simulator 17,"24 Oct, 2016",GIANTS Software,GIANTS Software,435.0,69
774361,Blasphemous,"10 Sep, 2019",The Game Kitchen,Team17,28.99,77
805550,Assetto Corsa Competizione,"29 May, 2019",Kunos Simulazioni,505 Games,1599.0,77
673950,Farm Together,"11 Oct, 2018",Milkstone Studios,Milkstone Studios,799.0,N/A
246900,Viscera Cleanup Detail,"23 Oct, 2015",RuneStorm,RuneStorm,490.0,N/A
475550,Beholder,"9 Nov, 2016",Alawar Stargaze (Warm Lamp Games),Alawar,520.0,75
337320,Paint the Town Red,"29 Jul, 2021",South East Games,South East Games,710.0,N/A
1016920,Unrailed!,"23 Sep, 2020",Indoor Astronaut,Daedalic Entertainment,7800.0,77
515690,Warriors of Vilvatikta,"26 Aug, 2016",RPG Video,Back To Basics Gaming,42.0,N/A
673130,AMID EVIL,"20 Jun, 2019",Indefatigable,New Blood Interactive,710.0,85
224540,Ace of Spades: Battle Builder,,Jagex Limited,Jagex Limited,Free,49
70000,Dino D-Day,"8 Apr, 2011",800 North and Digital Ranch,800 North and Digital Ranch,249.0,53
317360,Double Action: Boogaloo,"23 Oct, 2014",Double Action Factory,Double Action Factory,Free,N/A
1113000,Persona 4 Golden,"13 Jun, 2020",ATLUS,SEGA,19.99,87
843380,Super Animal Royale,"26 Aug, 2021",Pixile,Pixile,Free,N/A
299460,Woodle Tree Adventures,"2 Mar, 2016",Fabio Ferrara,Chubby Pixel,165.0,N/A
529340,Victoria 3,"25 Oct, 2022",Paradox Development Studio,Paradox Interactive,11.99,N/A
603850,Age of History II,"21 Nov, 2018",≈Åukasz Jakowski,≈Åukasz Jakowski Games,200.0,N/A
585690,Minimalism,"8 Feb, 2017",PixelMouse,PixelMouse,42.0,N/A
40950,Stronghold HD (2012),"21 Oct, 2013",FireFly Studios,FireFly Studios,149.0,81
374040,Portal Knights,"18 May, 2017",Keen Games GmbH,505 Games,419.0,72
38420,Fallout Tactics: Brotherhood of Steel,"19 Aug, 2009",14¬∞ East,Bethesda Softworks,5650.0,82
230230,Divinity: Original Sin (Classic),"30 Jun, 2014",Larian Studios,Larian Studios,Free,87
448470,Bacteria,"23 Mar, 2016",Sometimes You,Sometimes You,42.0,N/A
383080,Sakura Clicker,"29 Jul, 2015",Winged Cloud,Winged Cloud,Free,N/A
1676130,Deadlink,"27 Jul, 2023",Gruby Entertainment,SuperGG.com,880.0,80
230290,Universe Sandbox,"24 Aug, 2015",Giant Army,Giant Army,1100.0,N/A
212740,TERA - Action MMORPG,"31 Jan, 2017","Bluehole, Inc.",Gameforge 4D GmbH,Free,77
450390,The Lab,"5 Apr, 2016",Valve,Valve,Free,N/A
293540,Guns and Robots,"4 Aug, 2014",Masthead Studios Ltd,"Masthead Studios Ltd, Thegamewallstudios, Gamigo AG",Free,N/A
242640,Styx: Master of Shadows,"7 Oct, 2014",Cyanide Studio,"Cyanide Studio, Nacon",799.0,71
17480,Command & Conquer‚Ñ¢ Red Alert‚Ñ¢ 3,"8 Jan, 2009",EA Los Angeles,Electronic Arts,Free,82
450540,"Hot Dogs, Horseshoes & Hand Grenades","5 Apr, 2016",RUST LTD.,RUST LTD.,419.0,N/A
2479810,Gray Zone Warfare,"30 Apr, 2024","MADFINGER Games, a.s.","MADFINGER Games, a.s.",1200.0,N/A
234630,Project CARS,"6 May, 2015",Slightly Mad Studios,"Codemasters, Slightly Mad Studios, Electronic Arts",Free,83
261030,The Walking Dead: Season Two,"17 Dec, 2013",Telltale Games,Skybound Games,550.0,80
2670630,Supermarket Simulator,"20 Feb, 2024",Nokta Games,Nokta Games,490.0,N/A
2400,The Ship: Murder Party,"11 Jul, 2006",Outerlight Ltd.,Blazing Griffin,249.0,76
457330,High Octane Drift,"14 Oct, 2016",Cruderocks,Cruderocks,Free,N/A
780310,The Riftbreaker,"14 Oct, 2021",EXOR Studios,"EXOR Studios, Surefire.Games",1499.0,83
339280,Strife¬Æ,"22 May, 2015",S2 Games,S2 Games,Free,N/A
747660,Five Nights at Freddy's: Security Breach,"16 Dec, 2021",Steel Wool Studios,ScottGames,725.0,N/A
1335200,Action Taimanin,"5 Oct, 2020",LiLith,Infini-Brain inc.,Free,N/A
1241100,POLYGON,"6 Mar, 2020",Redaster Studio,Redaster Studio,Free,N/A
899440,GOD EATER 3,"7 Feb, 2019",BANDAI NAMCO Studios Inc.,BANDAI NAMCO Entertainment,2999.0,71
446800,Transport Fever,"8 Nov, 2016",Urban Games,Good Shepherd Entertainment,1100.0,71
1094520,Sands of Salzaar,"15 Dec, 2021",Ê±âÂÆ∂ÊùæÈº†Han-Squirrel Studio,XD,410.0,N/A
21100,F.E.A.R. 3,,Day 1 Studios,Warner Bros. Interactive Entertainment,Free,74
590380,Into the Breach,"27 Feb, 2018",Subset Games,Subset Games,360.0,90
8230,Sam & Max 104: Abe Lincoln Must Die!,"15 Jun, 2007",Telltale Games,Telltale Games,Free,N/A
3900,Sid Meier's Civilization¬Æ IV,"25 Oct, 2006",Firaxis Games,2K,Free,94
313120,Stranded Deep,"10 Aug, 2022",Beam Team Games,Beam Team Publishing,449.0,N/A
1384160,GUILTY GEAR -STRIVE-,"11 Jun, 2021",Arc System Works,Arc System Works,3322.0,85
226700,Infestation: Survivor Stories 2020,,Fredaikis AB,OP Productions LLC,Free,N/A
640590,The LEGO¬Æ NINJAGO¬Æ Movie Video Game,"22 Sep, 2017","Traveller's Tales, TT Games",Warner Bros. Interactive Entertainment,Free,N/A
202750,Alan Wake's American Nightmare,"22 May, 2012",Remedy Entertainment,Remedy Entertainment,116.0,73
961200,Predecessor,"30 Nov, 2022",Omeda Studios,Omeda Studios,Free,N/A
31280,Poker Night at the Inventory,"22 Nov, 2010",Telltale Games,,Free,71
823500,BONEWORKS,"10 Dec, 2019",Stress Level Zero,Stress Level Zero,1100.0,72
262280,Dungeons 2,"24 Apr, 2015",Realmforge Studios,Kalypso Media Digital,1099.0,70
681660,Bless Online,"23 Oct, 2018",NEOWIZ BLESS STUDIO,NEOWIZ,Free,N/A
1147550,Not For Broadcast,"25 Jan, 2022",NotGames,tinyBuild,9.75,82
512900,Streets of Rogue,"12 Jul, 2019",Matt Dabrowski,tinyBuild,177.0,N/A
444640,Bloons TD Battles,"20 Apr, 2016",Ninja Kiwi,Ninja Kiwi,Free,N/A
12900,AudioSurf,"15 Feb, 2008",Dylan Fitterer,,385.0,85
311240,Zero Escape: Zero Time Dilemma,"29 Jun, 2016","Spike Chunsoft Co., Ltd.","Spike Chunsoft Co., Ltd.",22.79,78
1366800,Crosshair X,"17 Aug, 2020",CenterPoint Gaming,CenterPoint Gaming,215.0,N/A
